Reaction,Pvalue,Padj,Reject,FC
R01624_p,1.4508889103849681e-11,3.8751589884965603e-11,True,0.39844548522962775
TCM27,1.4508889103849681e-11,3.8751589884965603e-11,True,0.267418855395083
R04535_c,0.00396729438660086,0.005471236049495304,True,0.1829197330695299
R00190_c,5.569062975843453e-05,8.393373485021205e-05,True,-0.19165518642907653
R01354_c_reverse,1.4508889103849681e-11,3.8751589884965603e-11,True,0.3091368871608271
R00948_p_reverse,0.012298612583953778,0.016581516007758767,True,0.19796196055916254
R03920_c,0.0335416594061465,0.04364207688405084,True,-0.18989678926044057
R01063_p,1.4508889103849681e-11,3.8751589884965603e-11,True,0.28017011800038893
Ex5,1.4508889103849681e-11,3.8751589884965603e-11,True,0.1435222857134493
R07613_c_reverse,5.569062975843453e-05,8.393373485021205e-05,True,0.18869240782348734
TCP8_reverse,1.4508889103849681e-11,3.8751589884965603e-11,True,0.24252706662540902
R03858_x_reverse,1.4334782434603487e-07,2.486004734549043e-07,True,0.2883515480496623
R04537_c,0.001115801546231492,0.0015783293380213059,True,0.16177391166234714
R00095_tmx_reverse,1.4508889103849681e-11,3.8751589884965603e-11,True,0.24985109353192336
TCV3,5.803555641539872e-10,1.1869630762826297e-09,True,0.1972475723344274
R01655_c_reverse,1.4508889103849681e-11,3.8751589884965603e-11,True,0.3433419801257281
R04784_c_reverse,5.803555641539872e-10,1.1869630762826297e-09,True,0.4979280053868219
R01104_c,1.4508889103849681e-11,3.8751589884965603e-11,True,0.27253571458084563
R04747_x,1.4508889103849681e-11,3.8751589884965603e-11,True,0.43323196305574807
TCM3,1.4508889103849681e-11,3.8751589884965603e-11,True,0.32509217865829415
R02253_c,0.001115801546231492,0.0015783293380213059,True,0.5355979525360632
R00149_c_reverse,5.803555641539872e-10,1.1869630762826297e-09,True,0.2956904096122681
R02740_p,1.3259673752008224e-06,2.163240588922991e-06,True,0.19065884544385756
TCP12_reverse,1.4508889103849681e-11,3.8751589884965603e-11,True,-0.41230002855749653
R03443_c,1.4508889103849681e-11,3.8751589884965603e-11,True,0.35682079982999093
R01324_c_reverse,1.4508889103849681e-11,3.8751589884965603e-11,True,0.2945420479674423
TCP1_reverse,1.4508889103849681e-11,3.8751589884965603e-11,True,0.29596510014381244
R00840_c,1.4508889103849681e-11,3.8751589884965603e-11,True,0.24875878581880811
TCM18,1.4508889103849681e-11,3.8751589884965603e-11,True,0.2855374769673252
TCM17,1.4508889103849681e-11,3.8751589884965603e-11,True,0.3313861824705058
R04954_c,1.4334782434603487e-07,2.486004734549043e-07,True,0.23303966182522323
Ex4_reverse,1.4508889103849681e-11,3.8751589884965603e-11,True,0.2871010394981979
R00551_c_reverse,9.54696510144592e-06,1.4995605233784784e-05,True,0.15191567160930355
R00889_c,1.3259673752008224e-06,2.163240588922991e-06,True,0.20677154698452518
R05555_c,1.1316933501002751e-08,2.113161919213788e-08,True,0.446198546672867
R07449_c_reverse,1.4334782434603487e-07,2.486004734549043e-07,True,0.25158199013010785
R01057_c_reverse,5.803555641539872e-10,1.1869630762826297e-09,True,0.1942238739968966
R02111_p,1.3259673752008224e-06,2.163240588922991e-06,True,0.21820639320301152
R02735_c_reverse,5.569062975843453e-05,8.393373485021205e-05,True,0.13406421223104514
R03546_c_reverse,1.4508889103849681e-11,3.8751589884965603e-11,True,0.32374635570869814
R04929_c_reverse,1.4508889103849681e-11,3.8751589884965603e-11,True,0.6187034284651415
R01288_c,5.803555641539872e-10,1.1869630762826297e-09,True,0.19152614041444893
R02035_c,5.803555641539872e-10,1.1869630762826297e-09,True,0.19550612293729616
RN03_p,5.803555641539872e-10,1.1869630762826297e-09,True,0.30507531453197717
R01561_c_reverse,1.4508889103849681e-11,3.8751589884965603e-11,True,0.5528138831076657
R03968_c,5.803555641539872e-10,1.1869630762826297e-09,True,0.28475442166577414
R00722_c_reverse,1.4508889103849681e-11,3.8751589884965603e-11,True,0.47248585947820726
R02283_c,1.4508889103849681e-11,3.8751589884965603e-11,True,0.3379229478471332
R02326_c_reverse,1.4508889103849681e-11,3.8751589884965603e-11,True,0.34332209326473984
R01523_p,5.803555641539872e-10,1.1869630762826297e-09,True,-0.4961267856662359
R00502_c_reverse,1.1316933501002751e-08,2.113161919213788e-08,True,0.25554059801441215
R04125_c,1.4508889103849681e-11,3.8751589884965603e-11,True,0.29279146183436744
R03260_c,0.0335416594061465,0.04364207688405084,True,-0.8260869565217391
R03321_c,1.4508889103849681e-11,3.8751589884965603e-11,True,0.38444137127566325
R04544_c_reverse,0.0335416594061465,0.04364207688405084,True,0.1226093495869726
R03646_c_reverse,1.4508889103849681e-11,3.8751589884965603e-11,True,0.3699444910793568
R01676_c,0.001115801546231492,0.0015783293380213059,True,-0.47861586675718143
R04958_p_reverse,1.4508889103849681e-11,3.8751589884965603e-11,True,0.39437406286915794
R01049_c,0.00396729438660086,0.005471236049495304,True,0.2300445264812627
R02035_p_reverse,9.54696510144592e-06,1.4995605233784784e-05,True,0.16951952426891254
R07444_c,1.4334782434603487e-07,2.486004734549043e-07,True,0.19713675155862995
R00806_c_reverse,1.4334782434603487e-07,2.486004734549043e-07,True,0.23426791144516879
R04929_c,1.4508889103849681e-11,3.8751589884965603e-11,True,0.5840951796110979
R00245_c,5.569062975843453e-05,8.393373485021205e-05,True,0.20066810410503416
TCP8,1.4508889103849681e-11,3.8751589884965603e-11,True,0.24869541224258732
R01092_c,1.1316933501002751e-08,2.113161919213788e-08,True,0.2216385001787618
TCX4_reverse,1.4508889103849681e-11,3.8751589884965603e-11,True,0.22261283394461506
R02026_c,1.4508889103849681e-11,3.8751589884965603e-11,True,0.2380644028218416
R04544_c,0.012298612583953778,0.016581516007758767,True,0.16976276509456176
R06086_c_reverse,1.4508889103849681e-11,3.8751589884965603e-11,True,0.4777952736573194
TCM32_reverse,1.4508889103849681e-11,3.8751589884965603e-11,True,0.2692821651908114
R03460_c,1.4508889103849681e-11,3.8751589884965603e-11,True,0.37894502054670187
RN03_p_reverse,1.4508889103849681e-11,3.8751589884965603e-11,True,0.27452103778085907
TCX3,1.4508889103849681e-11,3.8751589884965603e-11,True,0.18640751403056205
R04953_c,1.4508889103849681e-11,3.8751589884965603e-11,True,0.581139586799272
R02740_c_reverse,5.569062975843453e-05,8.393373485021205e-05,True,0.17585881631034825
R00258_c,1.4334782434603487e-07,2.486004734549043e-07,True,0.16299394380652313
R01244_c,0.0335416594061465,0.04364207688405084,True,0.4993444484174844
R04742_x,1.4508889103849681e-11,3.8751589884965603e-11,True,0.4427144680494893
R06847_c,1.4508889103849681e-11,3.8751589884965603e-11,True,0.6369304560234734
R05662_c_reverse,1.4508889103849681e-11,3.8751589884965603e-11,True,0.45656935493752415
R02568_c,1.3259673752008224e-06,2.163240588922991e-06,True,0.1951777313816934
TCM17_reverse,1.4508889103849681e-11,3.8751589884965603e-11,True,0.3605496712859784
R01063_p_reverse,1.4508889103849681e-11,3.8751589884965603e-11,True,0.34845146242727565
R01518_p,1.4508889103849681e-11,3.8751589884965603e-11,True,0.3978065626885819
TCX7,1.4508889103849681e-11,3.8751589884965603e-11,True,0.28058083965584957
R02326_c,1.4508889103849681e-11,3.8751589884965603e-11,True,0.3458028113971081
R04537_p_reverse,0.001115801546231492,0.0015783293380213059,True,0.2037432615265177
TCX8,1.4508889103849681e-11,3.8751589884965603e-11,True,0.2560372529396893
R04566_p,1.4508889103849681e-11,3.8751589884965603e-11,True,0.6898550006142348
R01863_c_reverse,1.1316933501002751e-08,2.113161919213788e-08,True,0.1590612846850058
R04742_x_reverse,1.4508889103849681e-11,3.8751589884965603e-11,True,0.5077851208195291
R02484_c,1.4334782434603487e-07,2.486004734549043e-07,True,0.2612908037139972
R06085N_c,1.4508889103849681e-11,3.8751589884965603e-11,True,0.45466945383120727
R04326_c,1.4508889103849681e-11,3.8751589884965603e-11,True,0.4748538178429423
TCP21,1.4508889103849681e-11,3.8751589884965603e-11,True,0.2564058132504736
R01070N_p_reverse,5.803555641539872e-10,1.1869630762826297e-09,True,0.31552489281682056
R01021_c_reverse,1.4508889103849681e-11,3.8751589884965603e-11,True,0.2606416083274182
R04969_c_reverse,1.4508889103849681e-11,3.8751589884965603e-11,True,0.5558385237978635
R04958_c_reverse,1.4508889103849681e-11,3.8751589884965603e-11,True,0.37758183165723186
R01221_c_reverse,5.803555641539872e-10,1.1869630762826297e-09,True,0.27794027719418873
R00408_m_reverse,5.803555641539872e-10,1.1869630762826297e-09,True,0.3166694833713445
R03066_c,5.803555641539872e-10,1.1869630762826297e-09,True,0.4111308127864113
R00342_p_reverse,1.3259673752008224e-06,2.163240588922991e-06,True,0.19144174317215393
TCP11,1.4334782434603487e-07,2.486004734549043e-07,True,0.13044980597258055
R02735_c,0.0335416594061465,0.04364207688405084,True,0.07569376888910198
R01086_c,9.54696510144592e-06,1.4995605233784784e-05,True,0.19436638394039832
R01512_p_reverse,1.4508889103849681e-11,3.8751589884965603e-11,True,0.23648900433841108
R01827_p,1.4508889103849681e-11,3.8751589884965603e-11,True,0.2772097227265758
R00502_c,0.001115801546231492,0.0015783293380213059,True,0.15739419327034257
TCM10_reverse,1.4508889103849681e-11,3.8751589884965603e-11,True,0.2513623270956976
R01724_c_reverse,5.803555641539872e-10,1.1869630762826297e-09,True,0.3021625545951006
R01055_c_reverse,5.803555641539872e-10,1.1869630762826297e-09,True,0.30416982274877846
R04537_p,0.0002704973445409677,0.00039362027378030476,True,0.23781950740550734
R00405_m_reverse,1.4508889103849681e-11,3.8751589884965603e-11,True,0.3463322066117637
TCX17,1.4508889103849681e-11,3.8751589884965603e-11,True,0.2820347816807087
R02094_c,1.4508889103849681e-11,3.8751589884965603e-11,True,0.3393964529005533
R01015_c_reverse,5.803555641539872e-10,1.1869630762826297e-09,True,0.2838010484349659
TCX6_reverse,1.4508889103849681e-11,3.8751589884965603e-11,True,0.28520386261288144
R00768_c_reverse,1.4508889103849681e-11,3.8751589884965603e-11,True,0.2629155747009613
R00345_c_reverse,0.012298612583953778,0.016581516007758767,True,0.2803833239715025
R05068_c_reverse,1.4508889103849681e-11,3.8751589884965603e-11,True,0.5531150143668728
R01132_c_reverse,1.4508889103849681e-11,3.8751589884965603e-11,True,0.6553329356468138
R04125_c_reverse,1.4508889103849681e-11,3.8751589884965603e-11,True,0.3505806844387937
R02124_c_reverse,5.803555641539872e-10,1.1869630762826297e-09,True,0.24772630288975314
R06041_c,1.4508889103849681e-11,3.8751589884965603e-11,True,0.4823541952357737
R04568_p_reverse,0.012298612583953778,0.016581516007758767,True,0.1432430523900559
R02530_c,1.4508889103849681e-11,3.8751589884965603e-11,True,0.30616604138436476
TCM26_reverse,1.4508889103849681e-11,3.8751589884965603e-11,True,0.26610180078613416
R00236_m_reverse,0.001115801546231492,0.0015783293380213059,True,0.12617888617516762
R04544_p,9.54696510144592e-06,1.4995605233784784e-05,True,0.2530984887846675
R04744_x_reverse,1.4508889103849681e-11,3.8751589884965603e-11,True,0.5483534680745418
R02124_c,5.803555641539872e-10,1.1869630762826297e-09,True,0.2568638685562762
R02571_c,1.3259673752008224e-06,2.163240588922991e-06,True,0.11534450345438763
R04543_c,1.4508889103849681e-11,3.8751589884965603e-11,True,0.5186147293916966
TCX11_reverse,1.4508889103849681e-11,3.8751589884965603e-11,True,0.3206692870024102
R01827_c_reverse,1.1316933501002751e-08,2.113161919213788e-08,True,0.2157436570466689
TCP25_reverse,1.4508889103849681e-11,3.8751589884965603e-11,True,0.23688201485884472
R02035_p,1.3259673752008224e-06,2.163240588922991e-06,True,0.1727854751222272
TCM32,1.4508889103849681e-11,3.8751589884965603e-11,True,0.2955426987883922
R00149_c,1.4508889103849681e-11,3.8751589884965603e-11,True,0.27337716166233633
R00875_c_reverse,1.4508889103849681e-11,3.8751589884965603e-11,True,0.30209803941421043
R04783_c,1.4508889103849681e-11,3.8751589884965603e-11,True,0.5740188667675102
R01137_c_reverse,0.012298612583953778,0.016581516007758767,True,0.14367252982772918
R03778_x_reverse,5.803555641539872e-10,1.1869630762826297e-09,True,0.38017911110022856
R01123_c_reverse,1.4334782434603487e-07,2.486004734549043e-07,True,0.21845365664673402
R04969_c,5.803555641539872e-10,1.1869630762826297e-09,True,0.4886620253659771
TCP22_reverse,1.4508889103849681e-11,3.8751589884965603e-11,True,0.26282033848571457
R06085N_c_reverse,1.4508889103849681e-11,3.8751589884965603e-11,True,0.44950703261509917
R04749_x,1.4508889103849681e-11,3.8751589884965603e-11,True,0.5233745748499786
RN01_c,5.803555641539872e-10,1.1869630762826297e-09,True,0.3047211094096416
R01051_c,5.803555641539872e-10,1.1869630762826297e-09,True,0.2617732581207397
TCX12_reverse,1.4508889103849681e-11,3.8751589884965603e-11,True,0.3236941880676039
R01976_c,5.803555641539872e-10,1.1869630762826297e-09,True,0.2985179225316939
R04533_p_reverse,1.4508889103849681e-11,3.8751589884965603e-11,True,0.4572076562426112
R00126_c,0.0335416594061465,0.04364207688405084,True,-0.2205341468945957
R04591_c_reverse,1.4508889103849681e-11,3.8751589884965603e-11,True,0.6735685906019829
TCX8_reverse,1.4508889103849681e-11,3.8751589884965603e-11,True,0.2837840163707362
R05066_c,1.4508889103849681e-11,3.8751589884965603e-11,True,0.5215369380822782
R00716_c_reverse,1.4334782434603487e-07,2.486004734549043e-07,True,-0.4944537666287126
R02593_c_reverse,9.54696510144592e-06,1.4995605233784784e-05,True,0.14760573022326567
R04536_p,1.4508889103849681e-11,3.8751589884965603e-11,True,0.5896434374920417
R00372_x,9.54696510144592e-06,1.4995605233784784e-05,True,0.1960346685847379
R00156_c_reverse,1.4508889103849681e-11,3.8751589884965603e-11,True,-0.38322354086013977
R06041_c_reverse,1.4508889103849681e-11,3.8751589884965603e-11,True,0.4167436213844598
R02557_c,0.0002704973445409677,0.00039362027378030476,True,0.23261614215364948
R01547_c_reverse,1.4508889103849681e-11,3.8751589884965603e-11,True,0.3455194169269578
R03050_c,1.4334782434603487e-07,2.486004734549043e-07,True,-0.52339147510685
R00948_c,1.4508889103849681e-11,3.8751589884965603e-11,True,0.26156490015803835
TCV3_reverse,1.4508889103849681e-11,3.8751589884965603e-11,True,0.17094283878683506
TCM10,1.4508889103849681e-11,3.8751589884965603e-11,True,0.2644004336054514
R03055_c,1.4508889103849681e-11,3.8751589884965603e-11,True,0.3204899669837801
R04544_p_reverse,5.569062975843453e-05,8.393373485021205e-05,True,0.23836935818973554
TCX2_reverse,1.1316933501002751e-08,2.113161919213788e-08,True,0.11863960872562108
R00316_m_reverse,5.803555641539872e-10,1.1869630762826297e-09,True,0.18352555258566153
TCM8_reverse,1.4508889103849681e-11,3.8751589884965603e-11,True,0.2756741071190758
R01827_p_reverse,5.803555641539872e-10,1.1869630762826297e-09,True,0.2505109448460206
R01717_c_reverse,1.4508889103849681e-11,3.8751589884965603e-11,True,0.3201841966834605
R05068_c,1.4508889103849681e-11,3.8751589884965603e-11,True,0.5693931188958589
R00416_c_reverse,0.012298612583953778,0.016581516007758767,True,0.13937663400351885
R00095_c_reverse,1.4508889103849681e-11,3.8751589884965603e-11,True,0.21249690156363624
R04964_c_reverse,1.4508889103849681e-11,3.8751589884965603e-11,True,0.48368692127179347
R00408_c,5.803555641539872e-10,1.1869630762826297e-09,True,0.29904974715956084
R01514_p_reverse,5.803555641539872e-10,1.1869630762826297e-09,True,0.25502350172257476
R01529_p_reverse,5.803555641539872e-10,1.1869630762826297e-09,True,0.39431559690664686
R04964_p,1.4508889103849681e-11,3.8751589884965603e-11,True,0.6139403685967683
R03067_c,0.0002704973445409677,0.00039362027378030476,True,-0.2719185857352733
R04748_x_reverse,1.3259673752008224e-06,2.163240588922991e-06,True,0.24840632501747154
TCX1,1.4508889103849681e-11,3.8751589884965603e-11,True,0.18441065800412004
R02869_c,1.3259673752008224e-06,2.163240588922991e-06,True,0.21608787598128226
TCM4_reverse,1.4508889103849681e-11,3.8751589884965603e-11,True,0.29763057362840434
R04724_c,1.4508889103849681e-11,3.8751589884965603e-11,True,0.5271384319537552
R01131_c,0.0002704973445409677,0.00039362027378030476,True,0.10339654280359438
R00994_c_reverse,1.4508889103849681e-11,3.8751589884965603e-11,True,0.3107361498467243
R01529_c,1.4508889103849681e-11,3.8751589884965603e-11,True,0.3521351821012441
TCM29_reverse,1.4508889103849681e-11,3.8751589884965603e-11,True,0.25354672214057616
R04429_c_reverse,5.803555641539872e-10,1.1869630762826297e-09,True,0.41317186510933895
R00342_x_reverse,1.3259673752008224e-06,2.163240588922991e-06,True,0.17765632304165702
R00945_m,1.4508889103849681e-11,3.8751589884965603e-11,True,0.29138986699545183
TCP20,0.00396729438660086,0.005471236049495304,True,0.21035095297919856
R02869_c_reverse,5.569062975843453e-05,8.393373485021205e-05,True,0.15999877680998664
R01830_c,1.4508889103849681e-11,3.8751589884965603e-11,True,0.2313796993076933
R07672_c,1.3259673752008224e-06,2.163240588922991e-06,True,0.21691196903159626
R02017_c,0.00396729438660086,0.005471236049495304,True,0.4773869346733668
R04209_c_reverse,1.4508889103849681e-11,3.8751589884965603e-11,True,0.4199517208725938
R00750_c,1.3259673752008224e-06,2.163240588922991e-06,True,0.20282215087732494
R01900_x,1.4508889103849681e-11,3.8751589884965603e-11,True,0.21799306199622273
TCM9_reverse,1.4508889103849681e-11,3.8751589884965603e-11,True,0.25839737775613225
R04429_p_reverse,1.4508889103849681e-11,3.8751589884965603e-11,True,0.42062106456051024
R05556_c,1.4508889103849681e-11,3.8751589884965603e-11,True,0.5250986752442218
R06266_c_reverse,1.4508889103849681e-11,3.8751589884965603e-11,True,0.44812599295687167
TCX16_reverse,1.4508889103849681e-11,3.8751589884965603e-11,True,0.29396301716842
R02058_c_reverse,1.4508889103849681e-11,3.8751589884965603e-11,True,0.2628334497317224
R07673_c_reverse,5.803555641539872e-10,1.1869630762826297e-09,True,0.2519917905951991
R01229_c,1.4334782434603487e-07,2.486004734549043e-07,True,0.17687905622705366
R00924_c_reverse,1.3259673752008224e-06,2.163240588922991e-06,True,0.2526197858973888
R04745_x,0.0002704973445409677,0.00039362027378030476,True,0.19301112331170459
R02484_c_reverse,1.4334782434603487e-07,2.486004734549043e-07,True,0.19641117328723093
R02739_c_reverse,5.803555641539872e-10,1.1869630762826297e-09,True,0.1984724400783204
R02164_p,5.803555641539872e-10,1.1869630762826297e-09,True,0.3582739899373025
TCV4_reverse,1.4508889103849681e-11,3.8751589884965603e-11,True,0.1659719043870398
R02297_c_reverse,5.803555641539872e-10,1.1869630762826297e-09,True,0.23186759414170066
R01512_c_reverse,1.4508889103849681e-11,3.8751589884965603e-11,True,0.317004623367222
R04534_p_reverse,1.4508889103849681e-11,3.8751589884965603e-11,True,0.5683928678368831
R00926_c,1.1316933501002751e-08,2.113161919213788e-08,True,0.25451997455836856
TCM26,1.4508889103849681e-11,3.8751589884965603e-11,True,0.27825626089025357
R01398_m_reverse,5.803555641539872e-10,1.1869630762826297e-09,True,0.3119156429562442
R00238_p,5.569062975843453e-05,8.393373485021205e-05,True,0.12615977413977528
R00024_p,1.1316933501002751e-08,2.113161919213788e-08,True,-0.4219609376767891
R01373_c_reverse,1.4334782434603487e-07,2.486004734549043e-07,True,0.2886193414385677
R00517_c,0.00396729438660086,0.005471236049495304,True,-0.4062395211240283
R00258_p,5.569062975843453e-05,8.393373485021205e-05,True,0.13525725894353013
R01005_c,1.4508889103849681e-11,3.8751589884965603e-11,True,0.285484564613014
TCP17_reverse,1.4508889103849681e-11,3.8751589884965603e-11,True,0.26074714106547126
TCP23_reverse,1.4508889103849681e-11,3.8751589884965603e-11,True,0.24132890195991963
R01135_c_reverse,1.4508889103849681e-11,3.8751589884965603e-11,True,0.6990780091898963
R05983_c,1.4508889103849681e-11,3.8751589884965603e-11,True,0.4572775949626314
R01624_c,1.4508889103849681e-11,3.8751589884965603e-11,True,0.3552512671907309
R01830_p,1.4508889103849681e-11,3.8751589884965603e-11,True,0.35737159887818115
R02088_c,1.4334782434603487e-07,2.486004734549043e-07,True,0.22363909195345738
R00238_x,0.0002704973445409677,0.00039362027378030476,True,0.1424104364103329
R00945_m_reverse,5.803555641539872e-10,1.1869630762826297e-09,True,0.2906967479990389
R01388_x_reverse,1.3259673752008224e-06,2.163240588922991e-06,True,0.24319797888585531
R07765_c_reverse,5.569062975843453e-05,8.393373485021205e-05,True,0.265078717085468
R00291_c,1.3259673752008224e-06,2.163240588922991e-06,True,0.21627887520021336
R01626_c_reverse,5.803555641539872e-10,1.1869630762826297e-09,True,0.3399030167973337
R01876_c_reverse,1.4334782434603487e-07,2.486004734549043e-07,True,0.2723642886071002
Ex11,0.00396729438660086,0.005471236049495304,True,0.29937194696441044
R00569_c,0.001115801546231492,0.0015783293380213059,True,-0.4518371686573721
R01195_p,5.803555641539872e-10,1.1869630762826297e-09,True,0.26222579697233667
R02530_c_reverse,5.803555641539872e-10,1.1869630762826297e-09,True,0.35726045001129103
R00842_c,1.4508889103849681e-11,3.8751589884965603e-11,True,0.30881935806051974
TCP21_reverse,0.001115801546231492,0.0015783293380213059,True,0.11147192814198789
R00236_c,5.569062975843453e-05,8.393373485021205e-05,True,0.13538142849589466
R01978_c_reverse,1.4508889103849681e-11,3.8751589884965603e-11,True,0.26112020883073467
R05556_c_reverse,5.803555641539872e-10,1.1869630762826297e-09,True,0.48175059695698613
R01280_x,1.4508889103849681e-11,3.8751589884965603e-11,True,0.2656365237686941
R04961_c,1.4508889103849681e-11,3.8751589884965603e-11,True,0.40416493937022385
TCX19,1.4508889103849681e-11,3.8751589884965603e-11,True,0.2502496096770204
R01518_c,1.4508889103849681e-11,3.8751589884965603e-11,True,0.2893579841425308
R04429_p,1.4508889103849681e-11,3.8751589884965603e-11,True,0.49372348402675553
TCX16,1.4508889103849681e-11,3.8751589884965603e-11,True,0.31241133790042824
R01177_x_reverse,1.4508889103849681e-11,3.8751589884965603e-11,True,0.3087690515578703
R04170_x,5.803555641539872e-10,1.1869630762826297e-09,True,0.45086870586806105
TCM13_reverse,1.4508889103849681e-11,3.8751589884965603e-11,True,0.26688039734760943
R04738_x,5.803555641539872e-10,1.1869630762826297e-09,True,0.5674621808585959
Ex3_reverse,1.4508889103849681e-11,3.8751589884965603e-11,True,0.31177820690137337
R00710_c,0.0002704973445409677,0.00039362027378030476,True,0.17838617321214012
R01073_c,5.803555641539872e-10,1.1869630762826297e-09,True,0.29450062428307283
R04737_x,0.0002704973445409677,0.00039362027378030476,True,0.15961705735078402
R00330_c,1.3259673752008224e-06,2.163240588922991e-06,True,-0.17452921575320995
R05617_c,1.4508889103849681e-11,3.8751589884965603e-11,True,0.43120277037679966
R01224_c,0.00396729438660086,0.005471236049495304,True,0.17514330095888622
TCP24,1.4508889103849681e-11,3.8751589884965603e-11,True,0.27108493716731513
Ex18,1.3259673752008224e-06,2.163240588922991e-06,True,0.6264150943396226
R05841_c,1.4508889103849681e-11,3.8751589884965603e-11,True,0.44610831407241663
R01061_c,1.4508889103849681e-11,3.8751589884965603e-11,True,0.3907023508314188
R02950_c,0.001115801546231492,0.0015783293380213059,True,0.29705335810990174
R01415_c,1.4508889103849681e-11,3.8751589884965603e-11,True,0.3657992722972127
TCX11,1.4508889103849681e-11,3.8751589884965603e-11,True,0.29299753196966466
R00875_c,1.1316933501002751e-08,2.113161919213788e-08,True,0.26757167783277624
TCM12_reverse,1.4508889103849681e-11,3.8751589884965603e-11,True,0.3206943437535017
TCP14,1.4508889103849681e-11,3.8751589884965603e-11,True,0.25801999157809163
TCM16_reverse,1.4508889103849681e-11,3.8751589884965603e-11,True,0.28404579816629755
TCM18_reverse,1.4508889103849681e-11,3.8751589884965603e-11,True,0.3198840340608424
R01324_m,1.4508889103849681e-11,3.8751589884965603e-11,True,0.3939237250856825
R07444_c_reverse,1.4334782434603487e-07,2.486004734549043e-07,True,0.2036685261957546
TCX5_reverse,1.4508889103849681e-11,3.8751589884965603e-11,True,0.23286337266459142
R04961_c_reverse,1.4508889103849681e-11,3.8751589884965603e-11,True,0.48050293849847386
R02018_c,0.0335416594061465,0.04364207688405084,True,0.2531645569620253
R02556_c_reverse,1.4508889103849681e-11,3.8751589884965603e-11,True,0.18072976241754585
R00959_c,1.4508889103849681e-11,3.8751589884965603e-11,True,0.3080654071525544
R04744_x,1.4508889103849681e-11,3.8751589884965603e-11,True,0.5421366064654367
R02142_c_reverse,1.4508889103849681e-11,3.8751589884965603e-11,True,0.8934461739973966
R02340_c,1.4508889103849681e-11,3.8751589884965603e-11,True,0.27996778002183215
R04432_c_reverse,1.4508889103849681e-11,3.8751589884965603e-11,True,0.4314736611814816
R00238_m,0.0335416594061465,0.04364207688405084,True,0.09098255379158607
R03243_c_reverse,1.4508889103849681e-11,3.8751589884965603e-11,True,0.3497451688646
R01514_p,5.803555641539872e-10,1.1869630762826297e-09,True,0.226891309923294
RN03_c_reverse,1.4508889103849681e-11,3.8751589884965603e-11,True,0.3662533507613869
R01706_p_reverse,1.1316933501002751e-08,2.113161919213788e-08,True,0.21718141622637602
R00355_p,5.803555641539872e-10,1.1869630762826297e-09,True,0.2539537108577478
TCX1_reverse,1.4508889103849681e-11,3.8751589884965603e-11,True,0.18041291250495325
R08193_c,0.001115801546231492,0.0015783293380213059,True,0.16198979464713456
R01220_c,1.4334782434603487e-07,2.486004734549043e-07,True,0.1944931527939689
R00994_c,1.1316933501002751e-08,2.113161919213788e-08,True,0.28733042646514784
R02239_c,5.803555641539872e-10,1.1869630762826297e-09,True,0.2975922457765154
R04428_c,1.3259673752008224e-06,2.163240588922991e-06,True,0.21413049773560341
R04543_c_reverse,1.4508889103849681e-11,3.8751589884965603e-11,True,0.6220891027889447
R00415_c,5.803555641539872e-10,1.1869630762826297e-09,True,0.22499919394795878
R05555_c_reverse,1.4508889103849681e-11,3.8751589884965603e-11,True,0.46170278618880245
R00924_c,1.3259673752008224e-06,2.163240588922991e-06,True,0.21715070826455923
R02098_c_reverse,5.803555641539872e-10,1.1869630762826297e-09,True,0.2973794348534146
R07765_c,1.4334782434603487e-07,2.486004734549043e-07,True,0.30127341250295203
R02101_c,1.4508889103849681e-11,3.8751589884965603e-11,True,0.3537861513707758
R06265_c,1.4508889103849681e-11,3.8751589884965603e-11,True,0.461965235068075
R01547_c,1.4508889103849681e-11,3.8751589884965603e-11,True,0.3950819970823765
R00905_c_reverse,9.54696510144592e-06,1.4995605233784784e-05,True,0.2391549426166734
R01975_x_reverse,1.4334782434603487e-07,2.486004734549043e-07,True,0.2805936178934159
R01056_p,1.4508889103849681e-11,3.8751589884965603e-11,True,0.3561131990823712
RN04_m,1.1316933501002751e-08,2.113161919213788e-08,True,0.219099244851372
R00658_p_reverse,0.0335416594061465,0.04364207688405084,True,0.11074114133086588
R04209_c,1.4508889103849681e-11,3.8751589884965603e-11,True,0.4947863794802449
R08383_c_reverse,1.3259673752008224e-06,2.163240588922991e-06,True,0.2149788953021256
R00573_c,0.012298612583953778,0.016581516007758767,True,0.479838212721141
R01863_c,1.3259673752008224e-06,2.163240588922991e-06,True,0.23023782092706963
R06267_c_reverse,1.4508889103849681e-11,3.8751589884965603e-11,True,0.5495944550932435
TCP29_reverse,1.4508889103849681e-11,3.8751589884965603e-11,True,0.27439893441614727
R01624_c_reverse,5.803555641539872e-10,1.1869630762826297e-09,True,0.30144191290075184
R00509_c_reverse,1.4334782434603487e-07,2.486004734549043e-07,True,0.2353212531577661
TCP30,1.4508889103849681e-11,3.8751589884965603e-11,True,0.22862120548518144
R02269_c,1.4508889103849681e-11,3.8751589884965603e-11,True,0.2886565400119207
TCP16,1.4508889103849681e-11,3.8751589884965603e-11,True,0.2121312690899414
R00964_c,0.0335416594061465,0.04364207688405084,True,-0.3269900690211658
TCX13_reverse,1.4508889103849681e-11,3.8751589884965603e-11,True,0.33506521151062674
R07384_c,1.4508889103849681e-11,3.8751589884965603e-11,True,0.4044313426799465
R00519_x_reverse,1.4334782434603487e-07,2.486004734549043e-07,True,0.25779351193465183
TCX12,1.4508889103849681e-11,3.8751589884965603e-11,True,0.31574725383314306
R01005_c_reverse,5.803555641539872e-10,1.1869630762826297e-09,True,0.2919990868558936
R04241_c_reverse,5.803555641539872e-10,1.1869630762826297e-09,True,0.5058189753945838
R00258_c_reverse,5.569062975843453e-05,8.393373485021205e-05,True,0.14436696241024233
R00750_c_reverse,1.3259673752008224e-06,2.163240588922991e-06,True,0.2377611575897228
R01061_c_reverse,1.1316933501002751e-08,2.113161919213788e-08,True,0.20658796375699448
R04743_x_reverse,5.569062975843453e-05,8.393373485021205e-05,True,0.22202405828252716
R02331_c,0.012298612583953778,0.016581516007758767,True,0.1035706148400104
R02571_c_reverse,1.4334782434603487e-07,2.486004734549043e-07,True,0.22841724202810737
R01827_c,5.803555641539872e-10,1.1869630762826297e-09,True,0.2684821221636717
R04961_p,1.4508889103849681e-11,3.8751589884965603e-11,True,0.4023076889201911
R00716_c,5.569062975843453e-05,8.393373485021205e-05,True,0.16976250716632577
R06027_c_reverse,1.4508889103849681e-11,3.8751589884965603e-11,True,0.5243949510111228
TCP6_reverse,1.4508889103849681e-11,3.8751589884965603e-11,True,0.32717828702268836
R01855_c,0.0335416594061465,0.04364207688405084,True,0.35551028176067323
R01993_c_reverse,1.4508889103849681e-11,3.8751589884965603e-11,True,0.25273365621786015
R03503_c_reverse,5.803555641539872e-10,1.1869630762826297e-09,True,0.2976010759217321
R07263_c_reverse,1.4508889103849681e-11,3.8751589884965603e-11,True,0.46642731598152837
TCP13_reverse,1.4508889103849681e-11,3.8751589884965603e-11,True,0.2491485188532186
R01768_c,0.0002704973445409677,0.00039362027378030476,True,-0.4423735858027885
R04740_x_reverse,1.4508889103849681e-11,3.8751589884965603e-11,True,0.586258303078884
TCM1,1.4508889103849681e-11,3.8751589884965603e-11,True,0.3156852876733492
R00376N_c_reverse,9.54696510144592e-06,1.4995605233784784e-05,True,0.2636141629780089
R00480_c_reverse,9.54696510144592e-06,1.4995605233784784e-05,True,0.21306194768256861
R04965_p,0.0335416594061465,0.04364207688405084,True,0.10132553392145173
R01061_p,1.4508889103849681e-11,3.8751589884965603e-11,True,0.36742916996696906
TCM4,1.4508889103849681e-11,3.8751589884965603e-11,True,0.34740350028820016
R01880_c,1.3259673752008224e-06,2.163240588922991e-06,True,0.5590625511224431
R06031_c,1.4508889103849681e-11,3.8751589884965603e-11,True,0.49853309518402744
R03925_c,5.803555641539872e-10,1.1869630762826297e-09,True,0.29510066160389686
R00369_c_reverse,1.3259673752008224e-06,2.163240588922991e-06,True,0.20579158113799204
TCP9_reverse,1.4508889103849681e-11,3.8751589884965603e-11,True,0.2322805956076761
R04784_c,1.4508889103849681e-11,3.8751589884965603e-11,True,0.5193772083666633
RN06_c,1.4334782434603487e-07,2.486004734549043e-07,True,0.23843088970452503
R00878_c,1.3259673752008224e-06,2.163240588922991e-06,True,0.2550212698192707
R01373N_c,5.803555641539872e-10,1.1869630762826297e-09,True,0.3085393246643574
R04966_p,1.4508889103849681e-11,3.8751589884965603e-11,True,0.566119326310087
R00021_p,1.3259673752008224e-06,2.163240588922991e-06,True,-0.2974675334615424
TCP24_reverse,1.4508889103849681e-11,3.8751589884965603e-11,True,0.2564207417640846
R01127_c,1.4508889103849681e-11,3.8751589884965603e-11,True,0.24015834044688644
R02239_c_reverse,5.803555641539872e-10,1.1869630762826297e-09,True,0.26351607051163006
R01626_c,1.1316933501002751e-08,2.113161919213788e-08,True,0.33920263070365475
R03530_c_reverse,1.4508889103849681e-11,3.8751589884965603e-11,True,0.39700503717841906
R02090_c,1.1316933501002751e-08,2.113161919213788e-08,True,0.26213838620862145
TCX19_reverse,1.4508889103849681e-11,3.8751589884965603e-11,True,0.2704104674132539
R04428_p_reverse,9.54696510144592e-06,1.4995605233784784e-05,True,0.2461658856169482
TCM8,1.4508889103849681e-11,3.8751589884965603e-11,True,0.30363377843797923
R03858_x,5.803555641539872e-10,1.1869630762826297e-09,True,0.37094183857485624
R04426_c_reverse,1.4508889103849681e-11,3.8751589884965603e-11,True,0.41597231534391643
R04743_x,9.54696510144592e-06,1.4995605233784784e-05,True,0.2567682688444698
R02094_c_reverse,5.803555641539872e-10,1.1869630762826297e-09,True,0.33840877970854627
R00754_c_reverse,1.4334782434603487e-07,2.486004734549043e-07,True,0.271320412761404
TCX3_reverse,1.4508889103849681e-11,3.8751589884965603e-11,True,0.1941456725344047
R03321_c_reverse,5.803555641539872e-10,1.1869630762826297e-09,True,0.2595912379738593
R00267_m_reverse,9.54696510144592e-06,1.4995605233784784e-05,True,0.14379534903843655
R02740_p_reverse,5.569062975843453e-05,8.393373485021205e-05,True,0.12233989783346866
R03443_c_reverse,1.4508889103849681e-11,3.8751589884965603e-11,True,0.37533845635971724
R08193_c_reverse,5.569062975843453e-05,8.393373485021205e-05,True,0.1585469961959549
R01325_x_reverse,1.4508889103849681e-11,3.8751589884965603e-11,True,0.2726277063477558
R02291_c_reverse,1.4508889103849681e-11,3.8751589884965603e-11,True,0.29779480983265044
R04004_c_reverse,1.4334782434603487e-07,2.486004734549043e-07,True,0.6740541003064808
R00970_c,1.1316933501002751e-08,2.113161919213788e-08,True,-0.7760801071580554
R00623_c_reverse,0.0335416594061465,0.04364207688405084,True,0.13567145299296746
TCP2_reverse,1.4508889103849681e-11,3.8751589884965603e-11,True,0.3095053256761724
R04880_c_reverse,5.803555641539872e-10,1.1869630762826297e-09,True,0.5779259239803745
TCM5_reverse,1.4508889103849681e-11,3.8751589884965603e-11,True,0.28979049968360543
TCX7_reverse,1.4508889103849681e-11,3.8751589884965603e-11,True,0.27569898387867176
R00709_m_reverse,0.0002704973445409677,0.00039362027378030476,True,0.19478486143360138
R04566_c_reverse,1.4508889103849681e-11,3.8751589884965603e-11,True,0.5605510338169399
R02750_c_reverse,1.4334782434603487e-07,2.486004734549043e-07,True,0.22672050497962606
R04739_x,1.3259673752008224e-06,2.163240588922991e-06,True,0.2710258786819329
R04378_c_reverse,1.4508889103849681e-11,3.8751589884965603e-11,True,0.5141160443542682
R00959_c_reverse,1.1316933501002751e-08,2.113161919213788e-08,True,0.2530574864546361
TCP3_reverse,1.4508889103849681e-11,3.8751589884965603e-11,True,0.3242469496647766
R00697_c_reverse,0.001115801546231492,0.0015783293380213059,True,0.11615776553071629
R04441_c,0.0335416594061465,0.04364207688405084,True,-0.4790099009900991
R01624_p_reverse,1.4508889103849681e-11,3.8751589884965603e-11,True,0.3188275915610484
R01518_p_reverse,5.803555641539872e-10,1.1869630762826297e-09,True,0.3726598835424378
R03084_c_reverse,1.4508889103849681e-11,3.8751589884965603e-11,True,0.4306958591726767
R04953_c_reverse,1.4508889103849681e-11,3.8751589884965603e-11,True,0.5504661348994745
TCM1_reverse,1.4508889103849681e-11,3.8751589884965603e-11,True,0.315963923523125
R01626_p_reverse,1.4508889103849681e-11,3.8751589884965603e-11,True,0.32586555664816896
R00253_p,1.3259673752008224e-06,2.163240588922991e-06,True,-0.42953920820656144
R00710_c_reverse,9.54696510144592e-06,1.4995605233784784e-05,True,0.153726805295695
Ex1,1.4508889103849681e-11,3.8751589884965603e-11,True,0.5805285208832403
TCM28,1.4508889103849681e-11,3.8751589884965603e-11,True,0.26606645334385576
TCX2,1.4334782434603487e-07,2.486004734549043e-07,True,0.1291570413004171
R03778_x,5.803555641539872e-10,1.1869630762826297e-09,True,0.26921432080272767
TCP2,1.4508889103849681e-11,3.8751589884965603e-11,True,0.31975262352661693
R00190_c_reverse,5.803555641539872e-10,1.1869630762826297e-09,True,-0.5046160180554198
R00966_c_reverse,0.001115801546231492,0.0015783293380213059,True,0.3935058853702718
TCM5,1.4508889103849681e-11,3.8751589884965603e-11,True,0.30186953638288994
Ex2_reverse,1.3259673752008224e-06,2.163240588922991e-06,True,0.32035619071513405
R00999_c,1.4508889103849681e-11,3.8751589884965603e-11,True,0.28806433555532257
R04955_p,1.4508889103849681e-11,3.8751589884965603e-11,True,0.4300781289248876
R02143_c,0.0335416594061465,0.04364207688405084,True,0.45902475304399365
R07449_c,5.569062975843453e-05,8.393373485021205e-05,True,0.1516720042223422
R01135_c,1.4508889103849681e-11,3.8751589884965603e-11,True,0.703313281376797
R01229_c_reverse,1.1316933501002751e-08,2.113161919213788e-08,True,0.19446695151744994
TCP29,1.4508889103849681e-11,3.8751589884965603e-11,True,0.24999751863422978
R00842_c_reverse,1.3259673752008224e-06,2.163240588922991e-06,True,0.5387848703033725
R04783_c_reverse,1.4508889103849681e-11,3.8751589884965603e-11,True,0.5597965013158303
R00878_c_reverse,5.803555641539872e-10,1.1869630762826297e-09,True,0.282132161405628
TCM6_reverse,1.4508889103849681e-11,3.8751589884965603e-11,True,0.28857942980078943
R06556_c_reverse,1.4508889103849681e-11,3.8751589884965603e-11,True,0.4683085895345814
R04533_c,1.4508889103849681e-11,3.8751589884965603e-11,True,0.4670918418861855
TCP9,1.4508889103849681e-11,3.8751589884965603e-11,True,0.27093585531620923
TCM29,1.4508889103849681e-11,3.8751589884965603e-11,True,0.2727194582180573
TCP16_reverse,1.4508889103849681e-11,3.8751589884965603e-11,True,0.2440575874110819
R04536_c_reverse,5.803555641539872e-10,1.1869630762826297e-09,True,0.643447422666921
TCX10_reverse,1.4508889103849681e-11,3.8751589884965603e-11,True,0.3176865359865865
R04958_c,1.4508889103849681e-11,3.8751589884965603e-11,True,0.4238563529159178
TCP17,1.4508889103849681e-11,3.8751589884965603e-11,True,0.2606104794343289
RN06_c_reverse,1.4334782434603487e-07,2.486004734549043e-07,True,0.22777709845412697
TCM6,1.4508889103849681e-11,3.8751589884965603e-11,True,0.25145648541198784
TCV2,5.803555641539872e-10,1.1869630762826297e-09,True,0.1907353175489061
R00867_c,0.0002704973445409677,0.00039362027378030476,True,0.2765266480885745
R00905_c,5.803555641539872e-10,1.1869630762826297e-09,True,0.2773284100487838
R00291_c_reverse,1.1316933501002751e-08,2.113161919213788e-08,True,0.1894985865996174
R02086_c_reverse,1.4508889103849681e-11,3.8751589884965603e-11,True,0.2687216501408881
TCP26_reverse,1.4508889103849681e-11,3.8751589884965603e-11,True,0.2507888275247494
R04969_p_reverse,1.4508889103849681e-11,3.8751589884965603e-11,True,0.6451647490561059
R04954_p_reverse,1.4334782434603487e-07,2.486004734549043e-07,True,0.3017750822960494
R04724_p_reverse,1.4508889103849681e-11,3.8751589884965603e-11,True,0.6666264251612103
R07673_c,1.4334782434603487e-07,2.486004734549043e-07,True,0.3333154199707132
TCP22,1.4508889103849681e-11,3.8751589884965603e-11,True,0.28008129628311784
R00115_c,1.4508889103849681e-11,3.8751589884965603e-11,True,0.23602459627212583
R01049_c_reverse,5.803555641539872e-10,1.1869630762826297e-09,True,0.1934621288978848
R02235_c_reverse,1.4508889103849681e-11,3.8751589884965603e-11,True,0.311482730462472
R01639_c,1.3259673752008224e-06,2.163240588922991e-06,True,0.2341858325951971
R05963_c_reverse,1.4508889103849681e-11,3.8751589884965603e-11,True,0.4889803201452646
R01602_c_reverse,1.4508889103849681e-11,3.8751589884965603e-11,True,0.30078247441574074
R06035_c,1.4508889103849681e-11,3.8751589884965603e-11,True,0.4800549075572241
R03991_x,1.4508889103849681e-11,3.8751589884965603e-11,True,0.32872210331612756
R01830_c_reverse,5.803555641539872e-10,1.1869630762826297e-09,True,0.27791814591196423
R01773_c,1.4508889103849681e-11,3.8751589884965603e-11,True,0.2838506403951812
R00883_c_reverse,5.803555641539872e-10,1.1869630762826297e-09,True,0.28103605018719036
R01641_c_reverse,1.4508889103849681e-11,3.8751589884965603e-11,True,0.3419217548370287
R00713_c,0.0002704973445409677,0.00039362027378030476,True,0.16570406628485895
R04008_c_reverse,1.4508889103849681e-11,3.8751589884965603e-11,True,0.35679915181907207
R04173_c_reverse,1.4508889103849681e-11,3.8751589884965603e-11,True,0.44405507597616284
TCM12,1.4508889103849681e-11,3.8751589884965603e-11,True,0.2587688355779299
R01388_x,1.4508889103849681e-11,3.8751589884965603e-11,True,0.25609076676538045
R02413_c,1.4508889103849681e-11,3.8751589884965603e-11,True,0.4079050038409683
R02750_c,0.001115801546231492,0.0015783293380213059,True,0.17125343298442086
R01518_c_reverse,5.803555641539872e-10,1.1869630762826297e-09,True,0.3078628190834538
R01941_c_reverse,1.4334782434603487e-07,2.486004734549043e-07,True,0.24692521822181923
TCM31,1.4508889103849681e-11,3.8751589884965603e-11,True,0.281403276068917
R00926_c_reverse,5.803555641539872e-10,1.1869630762826297e-09,True,0.28894359885256765
R01123_c,1.4334782434603487e-07,2.486004734549043e-07,True,0.22642994822837412
R04787_c_reverse,1.4508889103849681e-11,3.8751589884965603e-11,True,0.5091795866154513
R06035_c_reverse,1.4508889103849681e-11,3.8751589884965603e-11,True,0.5032352899067541
R00509_c,1.3259673752008224e-06,2.163240588922991e-06,True,0.16478858969497198
R01513_c,1.4508889103849681e-11,3.8751589884965603e-11,True,0.32195462885862225
TCM19_reverse,1.4508889103849681e-11,3.8751589884965603e-11,True,0.35418006565885757
R01195_p_reverse,1.4334782434603487e-07,2.486004734549043e-07,True,0.20502662788539155
R00267_m,5.803555641539872e-10,1.1869630762826297e-09,True,0.18777096835299292
R00551_c,0.012298612583953778,0.016581516007758767,True,0.12648663367171956
R04880_c,1.4508889103849681e-11,3.8751589884965603e-11,True,0.6074753940404922
R00948_c_reverse,1.1316933501002751e-08,2.113161919213788e-08,True,0.24949891898415513
R01360_c_reverse,5.803555641539872e-10,1.1869630762826297e-09,True,0.2823396522036813
R04965_p_reverse,0.0335416594061465,0.04364207688405084,True,0.119049775957999
R02269_c_reverse,1.4508889103849681e-11,3.8751589884965603e-11,True,0.27047313690146174
R03991_x_reverse,1.4508889103849681e-11,3.8751589884965603e-11,True,0.33296442441499774
R01015_c,1.1316933501002751e-08,2.113161919213788e-08,True,0.2999933042783818
R04969_p,1.4508889103849681e-11,3.8751589884965603e-11,True,0.5809854386688046
R02088_c_reverse,9.54696510144592e-06,1.4995605233784784e-05,True,0.17535984861500079
R04535_p,0.0335416594061465,0.04364207688405084,True,0.14961294624825724
R06513_c,1.4508889103849681e-11,3.8751589884965603e-11,True,0.4970284682332264
R02984_c_reverse,1.1316933501002751e-08,2.113161919213788e-08,True,0.1528151381017144
R01857_c,0.001115801546231492,0.0015783293380213059,True,0.21838531221575835
Ex5_reverse,1.4508889103849681e-11,3.8751589884965603e-11,True,0.4943544303633974
R01248_c_reverse,1.1316933501002751e-08,2.113161919213788e-08,True,0.2752689517236614
R00570_c,0.00396729438660086,0.005471236049495304,True,0.1825747687239203
TCP5_reverse,1.4508889103849681e-11,3.8751589884965603e-11,True,0.2819233093225542
R06847_c_reverse,5.803555641539872e-10,1.1869630762826297e-09,True,0.2737750065756419
R06513_c_reverse,1.4508889103849681e-11,3.8751589884965603e-11,True,0.49385175609408055
R06027_c,1.4508889103849681e-11,3.8751589884965603e-11,True,0.48990090844771567
R04534_p,1.4508889103849681e-11,3.8751589884965603e-11,True,0.5635451081160303
R02029_c_reverse,9.54696510144592e-06,1.4995605233784784e-05,True,0.20616918345395718
R00115_c_reverse,1.4508889103849681e-11,3.8751589884965603e-11,True,0.24883042478634945
TCP10,1.4334782434603487e-07,2.486004734549043e-07,True,0.23152501431908398
TCM31_reverse,1.4508889103849681e-11,3.8751589884965603e-11,True,0.2739595787526451
R00519_x,1.1316933501002751e-08,2.113161919213788e-08,True,0.2685591120065631
R04724_c_reverse,1.4508889103849681e-11,3.8751589884965603e-11,True,0.6063506428692299
TCM20,1.4508889103849681e-11,3.8751589884965603e-11,True,0.2570285671616522
R04780_c,5.569062975843453e-05,8.393373485021205e-05,True,-0.5788631317077
R05961_c_reverse,1.4508889103849681e-11,3.8751589884965603e-11,True,0.4823791310663974
R06024_c,1.4508889103849681e-11,3.8751589884965603e-11,True,0.5029132692697328
TCP1,1.4508889103849681e-11,3.8751589884965603e-11,True,0.314415510984482
Bc15,0.0335416594061465,0.04364207688405084,True,0.02905939332143764
R00004_c,0.0335416594061465,0.04364207688405084,True,0.19296583870284273
R04137_c,5.803555641539872e-10,1.1869630762826297e-09,True,0.3360510337196231
R03367_c,1.4508889103849681e-11,3.8751589884965603e-11,True,0.3466757051590672
R00238_x_reverse,0.012298612583953778,0.016581516007758767,True,0.10620023196410984
R01221_c,5.803555641539872e-10,1.1869630762826297e-09,True,0.25558883865681187
TCP10_reverse,5.569062975843453e-05,8.393373485021205e-05,True,-0.17501820601217238
R01602_c,1.4508889103849681e-11,3.8751589884965603e-11,True,0.32539071368373146
R01513_c_reverse,5.803555641539872e-10,1.1869630762826297e-09,True,0.23317799540123782
R02926_c_reverse,1.3259673752008224e-06,2.163240588922991e-06,True,0.16736611315594166
R00355_m_reverse,1.1316933501002751e-08,2.113161919213788e-08,True,0.22321583674245882
R00703_c,0.001115801546231492,0.0015783293380213059,True,0.18187460995671836
R02332_c,1.3259673752008224e-06,2.163240588922991e-06,True,-0.5114047055665433
R01857_c_reverse,0.00396729438660086,0.005471236049495304,True,0.2564921683750008
R01549_c,0.0335416594061465,0.04364207688405084,True,-0.20706636934437866
R01082_m_reverse,9.54696510144592e-06,1.4995605233784784e-05,True,0.23038369396596917
R02313_c_reverse,1.1316933501002751e-08,2.113161919213788e-08,True,0.27744960658266876
TCX17_reverse,1.4508889103849681e-11,3.8751589884965603e-11,True,0.2899197162162271
R05066_c_reverse,5.803555641539872e-10,1.1869630762826297e-09,True,0.45867809774061014
R07263_c,1.4508889103849681e-11,3.8751589884965603e-11,True,0.4056303973685779
R00943_c,1.1316933501002751e-08,2.113161919213788e-08,True,0.30709469961566205
R04966_p_reverse,1.4508889103849681e-11,3.8751589884965603e-11,True,0.4967463406914434
R04144_c,0.0335416594061465,0.04364207688405084,True,-0.030944625407166207
R04748_x,1.4334782434603487e-07,2.486004734549043e-07,True,0.21495664656209437
R02887_c,0.012298612583953778,0.016581516007758767,True,0.14193978653864542
R00236_m,0.012298612583953778,0.016581516007758767,True,0.11653000658029389
R02029_c,5.569062975843453e-05,8.393373485021205e-05,True,0.16103520356373113
R01373_c,0.001115801546231492,0.0015783293380213059,True,0.44470927086765105
R00703_c_reverse,5.569062975843453e-05,8.393373485021205e-05,True,0.22098663942864075
TCM13,1.4508889103849681e-11,3.8751589884965603e-11,True,0.31161476235340196
TCX6,1.4508889103849681e-11,3.8751589884965603e-11,True,0.2578353814236363
R04004_c,1.4508889103849681e-11,3.8751589884965603e-11,True,0.23999163052955302
TCP3,1.4508889103849681e-11,3.8751589884965603e-11,True,0.4604714609762166
R04534_c_reverse,1.4508889103849681e-11,3.8751589884965603e-11,True,0.6039422126593001
R02421_p,0.0002704973445409677,0.00039362027378030476,True,0.19394322910496842
R01090_c_reverse,1.3259673752008224e-06,2.163240588922991e-06,True,0.2278867811096173
R01706_c_reverse,0.001115801546231492,0.0015783293380213059,True,0.14079568909905973
R02093_c_reverse,0.0335416594061465,0.04364207688405084,True,-0.2375021330020396
R01137_c,0.0335416594061465,0.04364207688405084,True,0.10839390203393996
R01324_m_reverse,1.1316933501002751e-08,2.113161919213788e-08,True,0.28521948813602693
R01941_c,1.4508889103849681e-11,3.8751589884965603e-11,True,0.2706719905852165
R00372_x_reverse,0.001115801546231492,0.0015783293380213059,True,0.1656860489667213
R01943_c,0.0002704973445409677,0.00039362027378030476,True,0.3940119760479042
R00658_c,0.012298612583953778,0.016581516007758767,True,0.14466435270600464
R04953_p_reverse,5.803555641539872e-10,1.1869630762826297e-09,True,0.5257931227267627
TCM27_reverse,1.4508889103849681e-11,3.8751589884965603e-11,True,0.2616897035057574
R01132_c,1.4508889103849681e-11,3.8751589884965603e-11,True,0.8346650127043446
R04533_c_reverse,1.4508889103849681e-11,3.8751589884965603e-11,True,0.549494912208551
R01978_c,5.803555641539872e-10,1.1869630762826297e-09,True,0.2714420044771136
R04673_c,0.00396729438660086,0.005471236049495304,True,0.1694743935309974
R01432_c,1.4334782434603487e-07,2.486004734549043e-07,True,0.2658260654399538
R01214_c,1.4508889103849681e-11,3.8751589884965603e-11,True,0.3018173844698384
R00408_m,5.803555641539872e-10,1.1869630762826297e-09,True,0.25503294657559133
R04966_c,5.803555641539872e-10,1.1869630762826297e-09,True,0.4661176555361337
R01773_c_reverse,1.4508889103849681e-11,3.8751589884965603e-11,True,0.3742167365389439
R04747_x_reverse,1.4508889103849681e-11,3.8751589884965603e-11,True,0.5188807694925345
R01214_c_reverse,1.4508889103849681e-11,3.8751589884965603e-11,True,0.3248190109563808
R05069_c,1.4508889103849681e-11,3.8751589884965603e-11,True,0.6013151882733878
R07384_c_reverse,1.4508889103849681e-11,3.8751589884965603e-11,True,0.4383032357645962
R04749_x_reverse,5.803555641539872e-10,1.1869630762826297e-09,True,0.46865282803306196
R00157_c,1.4508889103849681e-11,3.8751589884965603e-11,True,0.6631703420216553
R01706_c,0.0335416594061465,0.04364207688405084,True,0.1708821079929416
R04787_c,1.4508889103849681e-11,3.8751589884965603e-11,True,0.46643230947213593
R01056_c_reverse,5.803555641539872e-10,1.1869630762826297e-09,True,0.3454646966583406
R02957_c_reverse,0.00396729438660086,0.005471236049495304,True,0.12615142586393757
R02297_c,1.3259673752008224e-06,2.163240588922991e-06,True,0.27693781163746095
R00416_c,9.54696510144592e-06,1.4995605233784784e-05,True,0.19610459737503716
R01512_c,0.001115801546231492,0.0015783293380213059,True,0.11994908414446814
R03217_c,1.4508889103849681e-11,3.8751589884965603e-11,True,0.3385108288117226
R00330_c_reverse,9.54696510144592e-06,1.4995605233784784e-05,True,-0.23194882080464524
R00978_c,1.1316933501002751e-08,2.113161919213788e-08,True,0.27685092663426025
R02570N_m,1.3259673752008224e-06,2.163240588922991e-06,True,0.21187293785446032
R01561_c,1.4508889103849681e-11,3.8751589884965603e-11,True,0.2830989404681206
R00345_c,5.803555641539872e-10,1.1869630762826297e-09,True,0.23321360432111907
TCP26,1.4334782434603487e-07,2.486004734549043e-07,True,0.26847368321882864
R04955_p_reverse,1.4508889103849681e-11,3.8751589884965603e-11,True,0.43459558937511616
R04535_c_reverse,0.001115801546231492,0.0015783293380213059,True,0.23855034746983136
R02098_c,1.4508889103849681e-11,3.8751589884965603e-11,True,0.2799099464824983
R05841_c_reverse,1.4508889103849681e-11,3.8751589884965603e-11,True,0.4637971107192496
TCP30_reverse,1.4508889103849681e-11,3.8751589884965603e-11,True,0.21317065176130984
R01083_c_reverse,1.1316933501002751e-08,2.113161919213788e-08,True,0.22439155417417544
R01641_p_reverse,1.4508889103849681e-11,3.8751589884965603e-11,True,0.3764145598475572
TCM19,1.4508889103849681e-11,3.8751589884965603e-11,True,0.26800177376211526
R04559_c_reverse,1.4508889103849681e-11,3.8751589884965603e-11,True,0.5354810335823444
TCM21_reverse,1.4508889103849681e-11,3.8751589884965603e-11,True,0.2712255471333843
R05968_c,1.4508889103849681e-11,3.8751589884965603e-11,True,0.4799834487888818
TCM3_reverse,1.4508889103849681e-11,3.8751589884965603e-11,True,0.32063141219504243
R02327_c,0.00396729438660086,0.005471236049495304,True,-0.4899399801982326
R01073_c_reverse,1.4508889103849681e-11,3.8751589884965603e-11,True,0.29279041668365463
R04537_c_reverse,9.54696510144592e-06,1.4995605233784784e-05,True,0.2080844333566354
TCX9,1.4508889103849681e-11,3.8751589884965603e-11,True,0.2694391362327412
R01512_p,1.4508889103849681e-11,3.8751589884965603e-11,True,0.2705615232465177
R01130_c,0.00396729438660086,0.005471236049495304,True,-0.22501770034135707
R04432_c,5.803555641539872e-10,1.1869630762826297e-09,True,0.4087953625835078
TCP18_reverse,1.4508889103849681e-11,3.8751589884965603e-11,True,0.2765317918364687
R02142_c,1.4508889103849681e-11,3.8751589884965603e-11,True,0.6394144638279075
R08379_c_reverse,1.1316933501002751e-08,2.113161919213788e-08,True,0.2757872621543493
R00943_c_reverse,1.4508889103849681e-11,3.8751589884965603e-11,True,0.2876192742809863
R01288_c_reverse,5.803555641539872e-10,1.1869630762826297e-09,True,0.28602952803331827
R01329_c,1.4508889103849681e-11,3.8751589884965603e-11,True,0.38211416177494256
R04739_x_reverse,1.1316933501002751e-08,2.113161919213788e-08,True,0.21972271066470855
R04534_c,1.4508889103849681e-11,3.8751589884965603e-11,True,0.6036718950156853
R00332_c_reverse,1.3259673752008224e-06,2.163240588922991e-06,True,0.16189311756033267
R01900_x_reverse,1.4508889103849681e-11,3.8751589884965603e-11,True,0.28477784121987143
R06156_c,1.4508889103849681e-11,3.8751589884965603e-11,True,0.41825161796256316
R08383_c,0.0002704973445409677,0.00039362027378030476,True,0.15970167531987892
R05085_c_reverse,1.4508889103849681e-11,3.8751589884965603e-11,True,0.5013265328760448
R02556_c,1.4508889103849681e-11,3.8751589884965603e-11,True,0.2506416816294191
R04964_c,1.4508889103849681e-11,3.8751589884965603e-11,True,0.41007906984209963
R02749_c,0.00396729438660086,0.005471236049495304,True,0.17974026684951108
R01070N_p,1.4508889103849681e-11,3.8751589884965603e-11,True,0.33964867301821816
R00768_c,5.803555641539872e-10,1.1869630762826297e-09,True,0.31806071750094145
R04954_p,5.569062975843453e-05,8.393373485021205e-05,True,0.177882771921881
R04672_c,0.012298612583953778,0.016581516007758767,True,-0.4147465437788018
R06265_c_reverse,1.4508889103849681e-11,3.8751589884965603e-11,True,0.4407408812731832
R07618_m_reverse,5.569062975843453e-05,8.393373485021205e-05,True,0.18735557575815165
TCM7,1.4508889103849681e-11,3.8751589884965603e-11,True,0.3121376723666321
R01819_c_reverse,1.4508889103849681e-11,3.8751589884965603e-11,True,0.3562091433762358
R01818_c_reverse,1.4508889103849681e-11,3.8751589884965603e-11,True,0.3256656097175274
R01655_c,1.4508889103849681e-11,3.8751589884965603e-11,True,0.30860181806281156
R03055_c_reverse,1.4508889103849681e-11,3.8751589884965603e-11,True,0.40275966240743255
R02722_c_reverse,5.569062975843453e-05,8.393373485021205e-05,True,0.1656179259502512
R00342_m,5.803555641539872e-10,1.1869630762826297e-09,True,0.14269684646749514
R00355_m,5.803555641539872e-10,1.1869630762826297e-09,True,0.23672502556683622
R04426_c,1.4508889103849681e-11,3.8751589884965603e-11,True,0.4346972398739364
R04515_c,1.4508889103849681e-11,3.8751589884965603e-11,True,0.42844744226907
R05982_c_reverse,1.4508889103849681e-11,3.8751589884965603e-11,True,0.48165203269286194
R00342_c_reverse,0.00396729438660086,0.005471236049495304,True,0.1164717002394997
R05617_c_reverse,1.4508889103849681e-11,3.8751589884965603e-11,True,0.4252516591089707
R00214_c,0.00396729438660086,0.005471236049495304,True,0.38804638715432654
R05071_c_reverse,1.4508889103849681e-11,3.8751589884965603e-11,True,0.5203053515656194
R00355_p_reverse,1.3259673752008224e-06,2.163240588922991e-06,True,0.23203596253555078
R03530_c,1.4508889103849681e-11,3.8751589884965603e-11,True,0.3330162214240389
R04440_c,1.4508889103849681e-11,3.8751589884965603e-11,True,0.41256138643174767
R01529_c_reverse,1.4508889103849681e-11,3.8751589884965603e-11,True,0.38398906862868
R01055_c,5.803555641539872e-10,1.1869630762826297e-09,True,0.3605214246799319
R00715_c,1.1316933501002751e-08,2.113161919213788e-08,True,-0.5298473048438527
TCX4,1.4508889103849681e-11,3.8751589884965603e-11,True,0.20090228932590326
R07436_c,0.0335416594061465,0.04364207688405084,True,-0.32498509242695295
R00405_m,1.4508889103849681e-11,3.8751589884965603e-11,True,0.3516963144322725
R02283_c_reverse,1.4508889103849681e-11,3.8751589884965603e-11,True,0.3065419046528501
TCP11_reverse,1.4508889103849681e-11,3.8751589884965603e-11,True,0.2908636697545315
R01325_x,1.4508889103849681e-11,3.8751589884965603e-11,True,0.3084717965579339
R03067_c_reverse,5.569062975843453e-05,8.393373485021205e-05,True,0.18924613578773225
RN03_c,5.803555641539872e-10,1.1869630762826297e-09,True,0.2346506684952379
R01360_c,5.803555641539872e-10,1.1869630762826297e-09,True,0.28743832163165917
R01086_c_reverse,5.803555641539872e-10,1.1869630762826297e-09,True,0.2267523310447448
R02296_c,5.803555641539872e-10,1.1869630762826297e-09,True,0.2967795818756348
R00355_c,5.803555641539872e-10,1.1869630762826297e-09,True,0.21389625866892018
R04008_c,5.803555641539872e-10,1.1869630762826297e-09,True,0.3346036319095667
R01771_c,5.569062975843453e-05,8.393373485021205e-05,True,0.40776470588235303
R00586_c,0.0335416594061465,0.04364207688405084,True,0.003270079961809281
R05963_c,1.4508889103849681e-11,3.8751589884965603e-11,True,0.4647707492107538
R00806_c,1.4508889103849681e-11,3.8751589884965603e-11,True,0.2825857535981908
R04533_p,1.4508889103849681e-11,3.8751589884965603e-11,True,0.41169520885419686
R02313_c,1.4508889103849681e-11,3.8751589884965603e-11,True,0.33768843535631454
R01975_x,5.803555641539872e-10,1.1869630762826297e-09,True,0.21037844583782475
R04001_c_reverse,1.4508889103849681e-11,3.8751589884965603e-11,True,0.33628907889999543
R02058_c,1.4508889103849681e-11,3.8751589884965603e-11,True,0.24105854899131646
TCP20_reverse,1.4508889103849681e-11,3.8751589884965603e-11,True,0.46666990139738596
R01432_c_reverse,1.1316933501002751e-08,2.113161919213788e-08,True,0.24017093287516747
R06267_c,1.4508889103849681e-11,3.8751589884965603e-11,True,0.5197799421579553
R04591_c,1.4508889103849681e-11,3.8751589884965603e-11,True,0.6402083193589121
TCP5,1.4508889103849681e-11,3.8751589884965603e-11,True,0.27126353319722285
R01354_c,1.4508889103849681e-11,3.8751589884965603e-11,True,0.3225291157654749
R01151_c_reverse,5.803555641539872e-10,1.1869630762826297e-09,True,0.25810426974491363
R02570N_m_reverse,9.54696510144592e-06,1.4995605233784784e-05,True,0.1463912028119776
R01706_p,1.4334782434603487e-07,2.486004734549043e-07,True,0.2302604002468658
R02957_c,9.54696510144592e-06,1.4995605233784784e-05,True,0.1638583466134459
R04440_c_reverse,1.4508889103849681e-11,3.8751589884965603e-11,True,0.4442096139125279
R02739_c,5.803555641539872e-10,1.1869630762826297e-09,True,0.2577866203579005
R01051_c_reverse,5.803555641539872e-10,1.1869630762826297e-09,True,0.29370092126611513
R00342_m_reverse,1.4334782434603487e-07,2.486004734549043e-07,True,0.17189122707172977
R01104_c_reverse,5.803555641539872e-10,1.1869630762826297e-09,True,0.26787219915578986
R07613_c,5.569062975843453e-05,8.393373485021205e-05,True,0.20761548129185517
R04740_x,1.4508889103849681e-11,3.8751589884965603e-11,True,0.5881057000089545
R00369_c,1.4334782434603487e-07,2.486004734549043e-07,True,0.20991284327545476
R02291_c,1.4508889103849681e-11,3.8751589884965603e-11,True,0.3573700426014029
R04001_c,5.803555641539872e-10,1.1869630762826297e-09,True,0.30833139466507903
R04378_c,1.4508889103849681e-11,3.8751589884965603e-11,True,0.559950098179505
R02372_c,0.0335416594061465,0.04364207688405084,True,0.4277897490619944
R04964_p_reverse,1.4508889103849681e-11,3.8751589884965603e-11,True,0.5631167782571699
R05662_c,1.4508889103849681e-11,3.8751589884965603e-11,True,0.4041760677056186
R07672_c_reverse,5.569062975843453e-05,8.393373485021205e-05,True,0.22524997841125405
R01056_p_reverse,5.803555641539872e-10,1.1869630762826297e-09,True,0.34397726482293295
R05071_c,5.803555641539872e-10,1.1869630762826297e-09,True,0.5393122062226438
R02331_c_reverse,1.4334782434603487e-07,2.486004734549043e-07,True,0.30905084889324924
R03346_c,1.4508889103849681e-11,3.8751589884965603e-11,True,0.3731596587188683
R04966_c_reverse,1.4508889103849681e-11,3.8751589884965603e-11,True,0.4463383817775303
R03546_c,1.4508889103849681e-11,3.8751589884965603e-11,True,0.418301856675878
R00999_c_reverse,1.4508889103849681e-11,3.8751589884965603e-11,True,0.28959304480717435
R02282_c_reverse,1.4508889103849681e-11,3.8751589884965603e-11,True,0.2831594871345892
R01090_c,9.54696510144592e-06,1.4995605233784784e-05,True,0.16727677844799027
R07437_c,1.4334782434603487e-07,2.486004734549043e-07,True,0.15419404501229644
R04954_c_reverse,1.4334782434603487e-07,2.486004734549043e-07,True,0.19139893135244648
R03026_x_reverse,0.012298612583953778,0.016581516007758767,True,0.08120119353447947
R06024_c_reverse,1.4508889103849681e-11,3.8751589884965603e-11,True,0.5047925502848066
R01954_c,1.4508889103849681e-11,3.8751589884965603e-11,True,0.28063529951123545
R01329_c_reverse,1.4508889103849681e-11,3.8751589884965603e-11,True,0.2728794409779435
TCX10,1.4508889103849681e-11,3.8751589884965603e-11,True,0.3039264827826056
R02235_c,5.803555641539872e-10,1.1869630762826297e-09,True,0.25673592129752804
R00316_m,1.4508889103849681e-11,3.8751589884965603e-11,True,0.22198371059784333
TCV5,1.1316933501002751e-08,2.113161919213788e-08,True,0.14046477297938942
R00158_c_reverse,1.1316933501002751e-08,2.113161919213788e-08,True,0.2740768098796065
R00658_p,0.0335416594061465,0.04364207688405084,True,0.10456673033866964
R03045_c,0.00396729438660086,0.005471236049495304,True,0.03616449382976169
TCP6,1.4508889103849681e-11,3.8751589884965603e-11,True,0.27514904343518487
TCP7,1.4508889103849681e-11,3.8751589884965603e-11,True,0.2361109363270514
R01641_c,1.4508889103849681e-11,3.8751589884965603e-11,True,0.30058569191538487
TCP13,1.4508889103849681e-11,3.8751589884965603e-11,True,0.24580929962303927
R01015_p_reverse,5.803555641539872e-10,1.1869630762826297e-09,True,0.3099880446625134
R00342_c,1.4508889103849681e-11,3.8751589884965603e-11,True,0.2198643759265099
R04536_p_reverse,1.4508889103849681e-11,3.8751589884965603e-11,True,0.5845753550348148
R04746_x_reverse,1.4508889103849681e-11,3.8751589884965603e-11,True,0.5025106097399469
R01230_c,0.0335416594061465,0.04364207688405084,True,-0.29595367244679116
R00621_m,0.00396729438660086,0.005471236049495304,True,0.4518574658884946
R00959_p_reverse,5.803555641539872e-10,1.1869630762826297e-09,True,0.3022029633472991
R01036_c,1.4508889103849681e-11,3.8751589884965603e-11,True,0.3007911274589185
TCX15_reverse,1.4508889103849681e-11,3.8751589884965603e-11,True,0.31245862040050876
R01280_x_reverse,1.4334782434603487e-07,2.486004734549043e-07,True,0.2787084223040924
R03313_c_reverse,5.803555641539872e-10,1.1869630762826297e-09,True,0.29921855135073416
R02166_c,1.4508889103849681e-11,3.8751589884965603e-11,True,0.36641397983224894
R02749_c_reverse,0.012298612583953778,0.016581516007758767,True,0.17616722271790067
R00889_c_reverse,5.803555641539872e-10,1.1869630762826297e-09,True,0.2716141983491783
R01324_c,5.803555641539872e-10,1.1869630762826297e-09,True,0.2823616858561269
R00582_c,0.0002704973445409677,0.00039362027378030476,True,0.43656826140808935
R01398_p,1.4508889103849681e-11,3.8751589884965603e-11,True,0.31256409053488515
R01876_c,1.4508889103849681e-11,3.8751589884965603e-11,True,0.6013176608711063
R01870_c,5.803555641539872e-10,1.1869630762826297e-09,True,0.28591448037359474
R04745_x_reverse,9.54696510144592e-06,1.4995605233784784e-05,True,0.2199320795878146
R02340_c_reverse,5.803555641539872e-10,1.1869630762826297e-09,True,0.26419989433978064
R02090_c_reverse,1.1316933501002751e-08,2.113161919213788e-08,True,0.2335260340678464
R06266_c,1.4508889103849681e-11,3.8751589884965603e-11,True,0.49761646400149506
R01220_c_reverse,5.803555641539872e-10,1.1869630762826297e-09,True,0.2410122723924024
TCM9,1.4508889103849681e-11,3.8751589884965603e-11,True,0.2852320142652819
R00754_c,1.1316933501002751e-08,2.113161919213788e-08,True,0.24685971679034177
R00158_c,5.569062975843453e-05,8.393373485021205e-05,True,0.1548349083660374
R00959_p,1.4508889103849681e-11,3.8751589884965603e-11,True,0.35572086255799873
R05085_c,1.4508889103849681e-11,3.8751589884965603e-11,True,0.49930871771716123
R00185_c,0.0002704973445409677,0.00039362027378030476,True,-0.19403624501528652
R02026_c_reverse,1.4508889103849681e-11,3.8751589884965603e-11,True,0.26382198353446573
R08379_c,5.803555641539872e-10,1.1869630762826297e-09,True,0.20945632959947474
R00713_c_reverse,5.569062975843453e-05,8.393373485021205e-05,True,0.18456487450986045
TCP15,1.4508889103849681e-11,3.8751589884965603e-11,True,0.24107448174729557
R02984_c,1.1316933501002751e-08,2.113161919213788e-08,True,0.2128127236081636
R04965_c_reverse,0.00396729438660086,0.005471236049495304,True,0.18945653015214206
R04737_x_reverse,0.0002704973445409677,0.00039362027378030476,True,0.14875476019155764
R01993_c,1.1316933501002751e-08,2.113161919213788e-08,True,0.22068327859987247
R04741_x,1.3259673752008224e-06,2.163240588922991e-06,True,0.2172241348993178
R01061_p_reverse,5.803555641539872e-10,1.1869630762826297e-09,True,0.36041480119574704
TCP18,1.4508889103849681e-11,3.8751589884965603e-11,True,0.2349092484245794
R00948_p,9.54696510144592e-06,1.4995605233784784e-05,True,0.2348374258895294
R03460_c_reverse,1.4508889103849681e-11,3.8751589884965603e-11,True,0.34457282709802445
R00709_m,5.803555641539872e-10,1.1869630762826297e-09,True,0.2567224153441719
TCV1_reverse,1.4508889103849681e-11,3.8751589884965603e-11,True,0.23315980584319948
R02086_c,1.1316933501002751e-08,2.113161919213788e-08,True,0.25016843882937856
R03313_c,5.803555641539872e-10,1.1869630762826297e-09,True,0.2668786415872685
R01639_c_reverse,1.4334782434603487e-07,2.486004734549043e-07,True,0.30088281982507786
R02739_p_reverse,1.1316933501002751e-08,2.113161919213788e-08,True,0.2592759999785444
R03217_c_reverse,5.803555641539872e-10,1.1869630762826297e-09,True,0.3137871288882622
R00570_c_reverse,0.0002704973445409677,0.00039362027378030476,True,0.21657752185874385
R00127_c_reverse,1.4508889103849681e-11,3.8751589884965603e-11,True,0.23412809847186983
R00245_c_reverse,1.4508889103849681e-11,3.8751589884965603e-11,True,0.3312875506824157
R05983_c_reverse,1.4508889103849681e-11,3.8751589884965603e-11,True,0.4632424905814072
R00734_c,5.569062975843453e-05,8.393373485021205e-05,True,0.15977375117820775
TCM16,1.4508889103849681e-11,3.8751589884965603e-11,True,0.2996464681783722
TCV1,1.4508889103849681e-11,3.8751589884965603e-11,True,0.2027058369690917
R01364_c_reverse,1.4508889103849681e-11,3.8751589884965603e-11,True,0.3264474148972926
Ex14_reverse,1.4508889103849681e-11,3.8751589884965603e-11,True,0.31027342378043116
R00942_c,1.4508889103849681e-11,3.8751589884965603e-11,True,0.2674260424687544
TCM11,1.4508889103849681e-11,3.8751589884965603e-11,True,0.2975120683565704
R06086_c,5.803555641539872e-10,1.1869630762826297e-09,True,0.4643231188558315
R01398_p_reverse,1.4508889103849681e-11,3.8751589884965603e-11,True,0.3469893118157182
Ex2,1.1316933501002751e-08,2.113161919213788e-08,True,0.16222488538809934
R02019_c,9.54696510144592e-06,1.4995605233784784e-05,True,-0.4144927536231884
R03045_c_reverse,0.001115801546231492,0.0015783293380213059,True,0.0959429332614205
TCP7_reverse,1.4508889103849681e-11,3.8751589884965603e-11,True,0.2920943533690234
R02557_c_reverse,0.012298612583953778,0.016581516007758767,True,0.15784404586775008
R01819_c,1.4508889103849681e-11,3.8751589884965603e-11,True,0.3221254591433002
R01092_c_reverse,1.4334782434603487e-07,2.486004734549043e-07,True,0.27867055456300444
R02035_c_reverse,1.1316933501002751e-08,2.113161919213788e-08,True,0.2219687273478675
R00715_c_reverse,0.0002704973445409677,0.00039362027378030476,True,0.19914678668870492
TCX5,1.4508889103849681e-11,3.8751589884965603e-11,True,0.21469562319843816
R00132N_c,1.1316933501002751e-08,2.113161919213788e-08,True,0.23884337801367692
R01398_m,5.803555641539872e-10,1.1869630762826297e-09,True,0.3058252396322149
R04428_c_reverse,1.1316933501002751e-08,2.113161919213788e-08,True,0.19313749126476262
R04326_c_reverse,5.803555641539872e-10,1.1869630762826297e-09,True,0.3929547868677446
R04566_c,5.803555641539872e-10,1.1869630762826297e-09,True,0.5636957032790737
R02722_c,0.0002704973445409677,0.00039362027378030476,True,0.16606271010202417
R04738_x_reverse,1.4508889103849681e-11,3.8751589884965603e-11,True,0.6302487396245969
TCP23,1.4508889103849681e-11,3.8751589884965603e-11,True,0.2946542179541411
R03084_c,1.4508889103849681e-11,3.8751589884965603e-11,True,0.30384153273358633
R00734_c_reverse,9.54696510144592e-06,1.4995605233784784e-05,True,0.19939124336442013
R04961_p_reverse,1.4508889103849681e-11,3.8751589884965603e-11,True,0.43530334500772855
TCM2_reverse,1.4508889103849681e-11,3.8751589884965603e-11,True,0.34313097614714255
R02568_c_reverse,1.4334782434603487e-07,2.486004734549043e-07,True,0.20569897906648493
R04746_x,1.4508889103849681e-11,3.8751589884965603e-11,True,0.4997526992946901
TCX15,1.4508889103849681e-11,3.8751589884965603e-11,True,0.2957898250805822
R00343_p_reverse,1.4508889103849681e-11,3.8751589884965603e-11,True,0.25746079173082104
R02433_c,1.4508889103849681e-11,3.8751589884965603e-11,True,0.27084858634970627
R00355_c_reverse,5.803555641539872e-10,1.1869630762826297e-09,True,0.23234960968943252
R06031_c_reverse,1.4508889103849681e-11,3.8751589884965603e-11,True,0.43702930151964425
R04170_x_reverse,1.4508889103849681e-11,3.8751589884965603e-11,True,0.4319416652894853
R01415_c_reverse,5.803555641539872e-10,1.1869630762826297e-09,True,0.2670056734460396
TCM21,1.4508889103849681e-11,3.8751589884965603e-11,True,0.26840403550277603
TCX18_reverse,1.4508889103849681e-11,3.8751589884965603e-11,True,0.2761703560190889
R03968_c_reverse,1.4508889103849681e-11,3.8751589884965603e-11,True,0.27184389950436577
R01185_c,1.4508889103849681e-11,3.8751589884965603e-11,True,0.2888647354957375
R01466_c,9.54696510144592e-06,1.4995605233784784e-05,True,0.46049512773242024
R02097_c,1.4508889103849681e-11,3.8751589884965603e-11,True,0.8731868382435836
R01248_c,0.0002704973445409677,0.00039362027378030476,True,0.13874104806037202
R00974_c,0.00396729438660086,0.005471236049495304,True,0.49478441559304087
TCP12,0.0002704973445409677,0.00039362027378030476,True,-0.14018506282916723
TCP25,1.1316933501002751e-08,2.113161919213788e-08,True,0.15687166707650416
R04953_p,1.4508889103849681e-11,3.8751589884965603e-11,True,0.5013252157061305
R02926_c,0.0002704973445409677,0.00039362027378030476,True,0.16736913710136472
RN05_m,5.569062975843453e-05,8.393373485021205e-05,True,-0.3209440859592774
R00238_c_reverse,0.012298612583953778,0.016581516007758767,True,0.08429986889607136
R00089_c,0.0335416594061465,0.04364207688405084,True,0.13930085152558144
TCV2_reverse,1.1316933501002751e-08,2.113161919213788e-08,True,0.159581455859696
R01057_c,1.4334782434603487e-07,2.486004734549043e-07,True,0.40144285470524976
R00095_c,1.4508889103849681e-11,3.8751589884965603e-11,True,0.22981873176524134
R01209_c,9.54696510144592e-06,1.4995605233784784e-05,True,-0.4001563547018092
R00480_c,1.3259673752008224e-06,2.163240588922991e-06,True,0.2106319327199934
R01127_c_reverse,5.803555641539872e-10,1.1869630762826297e-09,True,0.2492579183442005
R00238_m_reverse,0.0002704973445409677,0.00039362027378030476,True,0.15400619560207984
R01222_c,0.001115801546231492,0.0015783293380213059,True,0.26560252918535066
R01717_c,1.1316933501002751e-08,2.113161919213788e-08,True,0.2566064708523803
TCM28_reverse,1.4508889103849681e-11,3.8751589884965603e-11,True,0.27368527843582524
R03038_c,0.012298612583953778,0.016581516007758767,True,0.056406008345619645
R01560_c,0.012298612583953778,0.016581516007758767,True,-0.5518711850639655
R03243_c,1.4508889103849681e-11,3.8751589884965603e-11,True,0.31943622008220385
R04241_c,1.4508889103849681e-11,3.8751589884965603e-11,True,0.5295073366908896
R00095_tmx,1.4508889103849681e-11,3.8751589884965603e-11,True,0.28902230869640805
R04955_c_reverse,1.4508889103849681e-11,3.8751589884965603e-11,True,0.5446238441718596
R00623_c,0.0002704973445409677,0.00039362027378030476,True,0.14819916804583963
R04958_p,1.4508889103849681e-11,3.8751589884965603e-11,True,0.4476096085748561
R00415_c_reverse,0.0002704973445409677,0.00039362027378030476,True,0.13943001433202593
R05961_c,1.4508889103849681e-11,3.8751589884965603e-11,True,0.511579223464261
R01185_c_reverse,1.4508889103849681e-11,3.8751589884965603e-11,True,0.2660838999937712
TCP14_reverse,1.4508889103849681e-11,3.8751589884965603e-11,True,0.25214278101160265
R00342_p,1.3259673752008224e-06,2.163240588922991e-06,True,0.19940891360164603
R04173_c,5.803555641539872e-10,1.1869630762826297e-09,True,0.4279752553270683
R02166_c_reverse,1.4508889103849681e-11,3.8751589884965603e-11,True,0.3236850119403635
R01715_c,1.4508889103849681e-11,3.8751589884965603e-11,True,0.3499959635053488
R04741_x_reverse,1.1316933501002751e-08,2.113161919213788e-08,True,0.230121114232248
TCP15_reverse,1.4508889103849681e-11,3.8751589884965603e-11,True,0.23944064457043382
R01177_x,5.803555641539872e-10,1.1869630762826297e-09,True,0.2903583022257458
R00342_x,0.0335416594061465,0.04364207688405084,True,0.13218086290159056
R04536_c,1.4508889103849681e-11,3.8751589884965603e-11,True,0.546024672454629
R03346_c_reverse,1.4508889103849681e-11,3.8751589884965603e-11,True,0.3846852073406634
R00978_c_reverse,1.1316933501002751e-08,2.113161919213788e-08,True,0.29389903862012795
R01715_c_reverse,1.4508889103849681e-11,3.8751589884965603e-11,True,0.3096864628582057
R00512_c,0.0002704973445409677,0.00039362027378030476,True,0.17228179540607963
R01724_c,1.4508889103849681e-11,3.8751589884965603e-11,True,0.32974509130636237
R03925_c_reverse,1.1316933501002751e-08,2.113161919213788e-08,True,0.2625910099123588
R02147_c,0.001115801546231492,0.0015783293380213059,True,0.16752426259972253
R01529_p,1.4508889103849681e-11,3.8751589884965603e-11,True,0.35383933398614914
TCX18,1.4508889103849681e-11,3.8751589884965603e-11,True,0.2514473504516015
RN01_c_reverse,1.3259673752008224e-06,2.163240588922991e-06,True,0.23703096739285504
R00376N_c,0.0002704973445409677,0.00039362027378030476,True,0.1972485345573242
R02739_p,1.4334782434603487e-07,2.486004734549043e-07,True,0.2523498886788135
R00200_c,5.803555641539872e-10,1.1869630762826297e-09,True,0.341475354834005
R01083_c,5.803555641539872e-10,1.1869630762826297e-09,True,0.28748268947034267
R01867_c_reverse,5.803555641539872e-10,1.1869630762826297e-09,True,0.23577090585468014
R05968_c_reverse,1.4508889103849681e-11,3.8751589884965603e-11,True,0.45828474838910177
R04566_p_reverse,5.803555641539872e-10,1.1869630762826297e-09,True,0.5600828784021958
R01954_c_reverse,1.4508889103849681e-11,3.8751589884965603e-11,True,0.27285523073437
R04543_p_reverse,5.803555641539872e-10,1.1869630762826297e-09,True,0.551047226288909
R00848_c,0.0002704973445409677,0.00039362027378030476,True,0.4343732938588706
R01082_m,1.1316933501002751e-08,2.113161919213788e-08,True,0.2726845335701797
TCP19,0.0335416594061465,0.04364207688405084,True,0.058110201014428375
R04137_c_reverse,1.4508889103849681e-11,3.8751589884965603e-11,True,0.3824226594695202
R05341_c,1.4508889103849681e-11,3.8751589884965603e-11,True,0.40872713185793136
TCX13,1.4508889103849681e-11,3.8751589884965603e-11,True,0.31882557483570884
R00512_c_reverse,1.3259673752008224e-06,2.163240588922991e-06,True,0.20586164109916674
Ex3,1.4508889103849681e-11,3.8751589884965603e-11,True,0.4059333951201148
R01364_c,1.4508889103849681e-11,3.8751589884965603e-11,True,0.2992276654643529
R01021_c,1.1316933501002751e-08,2.113161919213788e-08,True,0.25490620162114813
R01968_c_reverse,1.1316933501002751e-08,2.113161919213788e-08,True,0.2898179471582676
R04428_p,1.1316933501002751e-08,2.113161919213788e-08,True,0.1807379369394199
R01870_c_reverse,1.4508889103849681e-11,3.8751589884965603e-11,True,0.24965871158644257
TCP19_reverse,1.4334782434603487e-07,2.486004734549043e-07,True,-0.2234700066729461
R00883_c,5.803555641539872e-10,1.1869630762826297e-09,True,0.2862910732514575
R04559_c,1.4508889103849681e-11,3.8751589884965603e-11,True,0.5065126859673349
Ex14,1.4508889103849681e-11,3.8751589884965603e-11,True,0.2928034199474215
R01056_c,1.4508889103849681e-11,3.8751589884965603e-11,True,0.3642160766796111
R00722_c,1.4508889103849681e-11,3.8751589884965603e-11,True,0.3922440506080888
R00236_c_reverse,1.3259673752008224e-06,2.163240588922991e-06,True,0.18119934222575051
R00185_c_reverse,5.803555641539872e-10,1.1869630762826297e-09,True,-0.44134823273202345
R06156_c_reverse,1.4508889103849681e-11,3.8751589884965603e-11,True,0.45632337361989994
R03367_c_reverse,1.4508889103849681e-11,3.8751589884965603e-11,True,0.34863058348927484
R02101_c_reverse,5.803555641539872e-10,1.1869630762826297e-09,True,0.3333208631745488
R03503_c,9.54696510144592e-06,1.4995605233784784e-05,True,0.19509322300185442
R01036_c_reverse,1.4508889103849681e-11,3.8751589884965603e-11,True,0.34605747262467135
R04535_p_reverse,0.00396729438660086,0.005471236049495304,True,0.19857953107271084
R02282_c,1.4508889103849681e-11,3.8751589884965603e-11,True,0.2826500988722054
R04724_p,1.4508889103849681e-11,3.8751589884965603e-11,True,0.6586708933304182
R02413_c_reverse,1.4508889103849681e-11,3.8751589884965603e-11,True,0.8829986767799907
R01222_c_reverse,1.3259673752008224e-06,2.163240588922991e-06,True,0.21715368126970885
R00343_p,0.0335416594061465,0.04364207688405084,True,0.09508262839295016
R00332_c,1.4334782434603487e-07,2.486004734549043e-07,True,0.2017231011882532
R03038_c_reverse,0.00396729438660086,0.005471236049495304,True,0.049375009666064944
R01867_c,1.4508889103849681e-11,3.8751589884965603e-11,True,0.35795625144049525
R02740_c,0.0335416594061465,0.04364207688405084,True,0.09544168610347054
R01131_c_reverse,0.001115801546231492,0.0015783293380213059,True,0.19345154218587834
R07618_m,0.001115801546231492,0.0015783293380213059,True,0.22335255033050327
R01015_p,5.803555641539872e-10,1.1869630762826297e-09,True,0.3273191306037235
R04429_c,1.4508889103849681e-11,3.8751589884965603e-11,True,0.44980132016619123
R04543_p,5.803555641539872e-10,1.1869630762826297e-09,True,0.5415452555310645
R01968_c,1.1316933501002751e-08,2.113161919213788e-08,True,0.19692411747450908
R04955_c,1.4508889103849681e-11,3.8751589884965603e-11,True,0.4958305976128399
R02164_p_reverse,1.4508889103849681e-11,3.8751589884965603e-11,True,0.31541162179484866
R00344_c,1.4508889103849681e-11,3.8751589884965603e-11,True,0.353001110317785
R00258_p_reverse,0.00396729438660086,0.005471236049495304,True,0.11162772373324514
R02593_c,5.803555641539872e-10,1.1869630762826297e-09,True,0.19625898051737942
R02433_c_reverse,1.4508889103849681e-11,3.8751589884965603e-11,True,0.36430766928266356
R00840_c_reverse,1.1316933501002751e-08,2.113161919213788e-08,True,0.303171431094909
R01818_c,1.4508889103849681e-11,3.8751589884965603e-11,True,0.31872505582955263
R02296_c_reverse,1.1316933501002751e-08,2.113161919213788e-08,True,0.2649619654437518
R03646_c,1.4508889103849681e-11,3.8751589884965603e-11,True,0.39035885134273046
TCM20_reverse,1.4508889103849681e-11,3.8751589884965603e-11,True,0.2873463888699987
R05069_c_reverse,1.4508889103849681e-11,3.8751589884965603e-11,True,0.5829931074323524
R01070N_c,0.012298612583953778,0.016581516007758767,True,-0.0686479408860056
R01641_p,1.4508889103849681e-11,3.8751589884965603e-11,True,0.340733349274273
TCV4,1.4508889103849681e-11,3.8751589884965603e-11,True,0.17813986128438777
R00408_c_reverse,9.54696510144592e-06,1.4995605233784784e-05,True,0.2196992907237956
R00253_c,1.4508889103849681e-11,3.8751589884965603e-11,True,0.35475058289717276
R01830_p_reverse,1.4508889103849681e-11,3.8751589884965603e-11,True,0.37778446226665396
R01976_c_reverse,5.803555641539872e-10,1.1869630762826297e-09,True,0.25217635497500274
R05341_c_reverse,5.803555641539872e-10,1.1869630762826297e-09,True,0.4684585569630632
TCM7_reverse,1.4508889103849681e-11,3.8751589884965603e-11,True,0.2832647747136537
R01151_c,5.803555641539872e-10,1.1869630762826297e-09,True,0.27693268816707384
R05982_c,1.4508889103849681e-11,3.8751589884965603e-11,True,0.4444869264765261
TCX9_reverse,1.4508889103849681e-11,3.8751589884965603e-11,True,0.25168393582627796
R00200_p,5.569062975843453e-05,8.393373485021205e-05,True,-0.3827434946535663
TCM11_reverse,1.4508889103849681e-11,3.8751589884965603e-11,True,0.2646465173892756
Ex4,1.4508889103849681e-11,3.8751589884965603e-11,True,0.301017383836006
R06556_c,1.4508889103849681e-11,3.8751589884965603e-11,True,0.4537090408701061
TCM2,1.4508889103849681e-11,3.8751589884965603e-11,True,0.3086002077016417
TCV5_reverse,5.803555641539872e-10,1.1869630762826297e-09,True,0.1383852738211458
R00848_c_reverse,1.4508889103849681e-11,3.8751589884965603e-11,True,0.3208828631817126
R01626_p,5.803555641539872e-10,1.1869630762826297e-09,True,0.3379481962895882
R00942_c_reverse,5.803555641539872e-10,1.1869630762826297e-09,True,0.2533600836735285
R04515_c_reverse,1.4508889103849681e-11,3.8751589884965603e-11,True,0.529335822265106
R02147_c_reverse,5.569062975843453e-05,8.393373485021205e-05,True,0.20890107435327498
